model,accuracy,precision,recall,f1_score,roc_auc
Gradient Boosting,0.871,0.7876447876447876,0.5012285012285013,0.6126126126126126,0.8703888788634553
Random Forest,0.8595,0.7669491525423728,0.44471744471744473,0.5629860031104199,0.854345100107812
Logistic Regression,0.7135,0.38722826086956524,0.7002457002457002,0.49868766404199477,0.7771654551315569
