model,precision_fraud,recall_fraud,f1_fraud,roc_auc,pr_auc,tn,fp,fn,tp
Random Forest,0.21568627450980393,0.5789473684210527,0.3142857142857143,0.9878274284385931,0.2895014753313907,4941,40,8,11
Decision Tree,0.10344827586206896,0.7894736842105263,0.18292682926829268,0.8878105220892021,0.26077726169350884,4851,130,4,15
Logistic Regression,0.109375,0.3684210526315789,0.1686746987951807,0.9352909477065481,0.11115717567082516,4924,57,12,7
