model,precision_fraud,recall_fraud,f1_fraud,roc_auc,pr_auc,tn,fp,fn,tp
Decision Tree,0.22644927536231885,0.8116883116883117,0.35410764872521244,0.9039245901917188,0.6576057149126642,39419,427,29,125
Random Forest,0.19521178637200737,0.6883116883116883,0.30416068866571017,0.9381174339388464,0.5281204767377593,39409,437,48,106
Logistic Regression,0.039847161572052404,0.474025974025974,0.07351460221550855,0.8113503221167729,0.05557332995712223,38087,1759,81,73
